{
  "FileUID": "<Guid>",
  "ExtarctedFileData": [
    {
      "EntityName":"OptionHolder",
	  "EntityValue":"Christopher",
	  "PageNumber":5,
	  "LineNumber":2,
	  "boundingBox": [0.7216,7.7936,1.0213,7.7936,1.0213,8.6093,0.7216,8.6093]  
    },
	{
      "EntityName":"OptionsGranted",
	  "EntityValue":"Six Thousands",
	  "PageNumber":5,
	  "LineNumber":2,
	  "boundingBox": [0.7216,7.7936,1.0213,7.7936,1.0213,8.6093,0.7216,8.6093]
	  
    },
	{
      "EntityName":"GrantDate",
	  "EntityValue":"31st of August 2021",
	  "PageNumber":5,
	  "LineNumber":2,
	  "boundingBox": [0.7216,7.7936,1.0213,7.7936,1.0213,8.6093,0.7216,8.6093]
	  
    },
	{
      "EntityName":"VestingEndDate",
	  "EntityValue":"30/9/2030",
	  "PageNumber":5,
	  "LineNumber":2,
	  "boundingBox": [0.7216,7.7936,1.0213,7.7936,1.0213,8.6093,0.7216,8.6093]
	  
    },
	{
      "EntityName":"VestingCommencementDate", 
	  "EntityValue":"17:00, Friday 10 September 2021 (PT)",
	  "PageNumber":5,
	  "LineNumber":2,
	  "boundingBox": [0.7216,7.7936,1.0213,7.7936,1.0213,8.6093,0.7216,8.6093]
	  
    },
	{
      "EntityName":"EmployeeId",
	  "EntityValue":"420169",
	  "PageNumber":5,
	  "LineNumber":2,
	  "boundingBox": [0.7216,7.7936,1.0213,7.7936,1.0213,8.6093,0.7216,8.6093]
	  
    },
	{
      "EntityName":"PlanName",
	  "EntityValue":"Altium Limited (Altium) Performance Rights Plan",
	  "PageNumber":5,
	  "LineNumber":2,
	  "boundingBox": [0.7216,7.7936,1.0213,7.7936,1.0213,8.6093,0.7216,8.6093]
	  
    }
  ]
}